{
  "coefficients": [
    0.9751434034416823,
    0.006500956022944593
  ],
  "samples": [
    [
      0.71,
      0.7
    ],
    [
      0.81,
      0.8
    ],
    [
      0.93,
      0.9
    ],
    [
      1.01,
      1.0
    ]
  ],
  "rmse": 0.008180562701828488,
  "degree": 1
}