{
  "image_size": [
    720,
    1280
  ],
  "left_camera_matrix": [
    [
      1314.048955892088,
      0.0,
      335.4080981015099
    ],
    [
      0.0,
      1327.8926535842181,
      685.3187605425362
    ],
    [
      0.0,
      0.0,
      1.0
    ]
  ],
  "left_distortion": [
    [
      0.08505698443393228,
      0.2819406057388545,
      0.01941111620526303,
      -0.0032929648323710885,
      -1.9456865802324477
    ]
  ],
  "right_camera_matrix": [
    [
      1306.568496212336,
      0.0,
      319.4315101726804
    ],
    [
      0.0,
      1313.4877163179397,
      667.9556204389384
    ],
    [
      0.0,
      0.0,
      1.0
    ]
  ],
  "right_distortion": [
    [
      0.05747599147195463,
      0.292201833150283,
      0.009578739122239334,
      -0.012854769783537104,
      -2.353150698994458
    ]
  ],
  "rotation_matrix": [
    [
      0.9991702768085189,
      -0.0052091042796526404,
      -0.04039335557974182
    ],
    [
      0.00596707209683953,
      0.9998079527161744,
      0.018666861977397566
    ],
    [
      0.04028836051490398,
      -0.01889240371408033,
      0.9990094719715751
    ]
  ],
  "translation_vector": [
    [
      -102.65705593653307
    ],
    [
      -0.04520125271815728
    ],
    [
      -1.327345957933364
    ]
  ],
  "essential_matrix": [
    [
      0.0060992846632025085,
      1.3279450050621795,
      -0.020379095817421367
    ],
    [
      2.8096398507607603,
      -1.9325242613418594,
      102.60898720256849
    ],
    [
      -0.5673983058320883,
      -102.6375763858139,
      -1.9181109244469385
    ]
  ],
  "fundamental_matrix": [
    [
      -3.729766112811782e-09,
      -8.035841512639023e-07,
      0.0005683379611076408
    ],
    [
      -1.709068684409222e-06,
      1.1632749995814517e-06,
      -0.08224134303578191
    ],
    [
      0.0015961122613868963,
      0.08062992059249488,
      1.0
    ]
  ],
  "rectification_left": [
    [
      0.9996101768211355,
      -0.0050127331725583904,
      -0.027465740509932047
    ],
    [
      0.005270131161637139,
      0.9999427988424694,
      0.009307242375048387
    ],
    [
      0.027417514715183992,
      -0.009448362251178124,
      0.9995794157232397
    ]
  ],
  "rectification_right": [
    [
      0.999916322347487,
      0.00044027631585221794,
      0.012928822832808001
    ],
    [
      -0.00031899865199009936,
      0.9999559468053771,
      -0.00938097481190981
    ],
    [
      -0.012932383497888798,
      0.009376065556903774,
      0.9998724132866834
    ]
  ],
  "projection_left": [
    [
      1621.5140975162044,
      0.0,
      304.6815528869629,
      0.0
    ],
    [
      0.0,
      1621.5140975162044,
      744.8944244384766,
      0.0
    ],
    [
      0.0,
      0.0,
      1.0,
      0.0
    ]
  ],
  "projection_right": [
    [
      1621.5140975162044,
      0.0,
      304.6815528869629,
      -166473.7935468468
    ],
    [
      0.0,
      1621.5140975162044,
      744.8944244384766,
      0.0
    ],
    [
      0.0,
      0.0,
      1.0,
      0.0
    ]
  ],
  "disparity_to_depth": [
    [
      1.0,
      0.0,
      0.0,
      -304.6815528869629
    ],
    [
      0.0,
      1.0,
      0.0,
      -744.8944244384766
    ],
    [
      0.0,
      0.0,
      0.0,
      1621.5140975162044
    ],
    [
      0.0,
      0.0,
      0.009740356502778318,
      -0.0
    ]
  ],
  "roi_left": [
    0,
    0,
    719,
    1280
  ],
  "roi_right": [
    0,
    0,
    720,
    1280
  ],
  "baseline_mm": 102.66564675684738,
  "rms_error": 1.0343407993233489,
  "num_images": 46,
  "checkerboard_size": [
    9,
    6
  ],
  "square_size_mm": 25.0
}